id,name,type,location,resourceGroup,subscriptionId,subscriptionName,kind,sku,tags,zones,properties
/subscriptions/11111111-1111-1111-1111-111111111111/resourceGroups/rg-prd-app01/providers/Microsoft.Compute/virtualMachines/vm-prd-000,vm-prd-000,microsoft.compute/virtualmachines,westeurope,rg-prd-app01,11111111-1111-1111-1111-111111111111,Contoso-Production,,{},"{""environment"": ""prod"", ""owner"": ""app-team"", ""costCenter"": ""CC200""}","[""3""]","{""hardwareProfile"": {""vmSize"": ""Standard_E8s_v5""}, ""storageProfile"": {""osDisk"": {""osType"": ""Linux"", ""managedDisk"": {""id"": ""x""}}}, ""extended"": {""instanceView"": {""powerState"": {""code"": ""PowerState/stopped""}}}, ""availabilitySet"": null}"
/subscriptions/11111111-1111-1111-1111-111111111111/resourceGroups/rg-prd-app01/providers/Microsoft.Compute/disks/vm-prd-000_OsDisk,vm-prd-000_OsDisk,microsoft.compute/disks,westeurope,rg-prd-app01,11111111-1111-1111-1111-111111111111,Contoso-Production,,"{""name"": ""Premium_LRS""}",{},[],"{""diskState"": ""Attached"", ""diskSizeGB"": 128}"
/subscriptions/11111111-1111-1111-1111-111111111111/resourceGroups/rg-prd-app01/providers/Microsoft.Network/networkInterfaces/nic-prd-000,nic-prd-000,microsoft.network/networkinterfaces,westeurope,rg-prd-app01,11111111-1111-1111-1111-111111111111,Contoso-Production,,{},"{""environment"": ""prod"", ""owner"": ""platform"", ""costCenter"": ""CC100""}",[],"{""virtualMachine"": {""id"": ""x""}}"
/subscriptions/11111111-1111-1111-1111-111111111111/resourceGroups/rg-prd-app02/providers/Microsoft.Compute/virtualMachines/vm-prd-001,vm-prd-001,microsoft.compute/virtualmachines,eastus,rg-prd-app02,11111111-1111-1111-1111-111111111111,Contoso-Production,,{},{},"[""3""]","{""hardwareProfile"": {""vmSize"": ""Standard_DS2_v2""}, ""storageProfile"": {""osDisk"": {""osType"": ""Linux"", ""managedDisk"": {""id"": ""x""}}}, ""extended"": {""instanceView"": {""powerState"": {""code"": ""PowerState/stopped""}}}, ""availabilitySet"": null}"
/subscriptions/11111111-1111-1111-1111-111111111111/resourceGroups/rg-prd-app02/providers/Microsoft.Compute/disks/vm-prd-001_OsDisk,vm-prd-001_OsDisk,microsoft.compute/disks,eastus,rg-prd-app02,11111111-1111-1111-1111-111111111111,Contoso-Production,,"{""name"": ""Premium_LRS""}","{""environment"": ""prod"", ""owner"": ""platform"", ""costCenter"": ""CC100""}",[],"{""diskState"": ""Attached"", ""diskSizeGB"": 128}"
/subscriptions/11111111-1111-1111-1111-111111111111/resourceGroups/rg-prd-app02/providers/Microsoft.Network/networkInterfaces/nic-prd-001,nic-prd-001,microsoft.network/networkinterfaces,eastus,rg-prd-app02,11111111-1111-1111-1111-111111111111,Contoso-Production,,{},"{""environment"": ""prod"", ""owner"": ""data-team"", ""costCenter"": ""CC200""}",[],"{""virtualMachine"": {""id"": ""x""}}"
/subscriptions/11111111-1111-1111-1111-111111111111/resourceGroups/rg-prd-app03/providers/Microsoft.Compute/virtualMachines/vm-prd-002,vm-prd-002,microsoft.compute/virtualmachines,uksouth,rg-prd-app03,11111111-1111-1111-1111-111111111111,Contoso-Production,,{},"{""environment"": ""prod"", ""owner"": ""app-team"", ""costCenter"": ""CC300""}","[""2""]","{""hardwareProfile"": {""vmSize"": ""Standard_A2_v2""}, ""storageProfile"": {""osDisk"": {""osType"": ""Linux"", ""managedDisk"": {""id"": ""x""}}}, ""extended"": {""instanceView"": {""powerState"": {""code"": ""PowerState/running""}}}, ""availabilitySet"": null}"
/subscriptions/11111111-1111-1111-1111-111111111111/resourceGroups/rg-prd-app03/providers/Microsoft.Compute/disks/vm-prd-002_OsDisk,vm-prd-002_OsDisk,microsoft.compute/disks,uksouth,rg-prd-app03,11111111-1111-1111-1111-111111111111,Contoso-Production,,"{""name"": ""Premium_LRS""}","{""environment"": ""prod"", ""owner"": ""data-team"", ""costCenter"": ""CC100""}",[],"{""diskState"": ""Attached"", ""diskSizeGB"": 128}"
/subscriptions/11111111-1111-1111-1111-111111111111/resourceGroups/rg-prd-app03/providers/Microsoft.Network/networkInterfaces/nic-prd-002,nic-prd-002,microsoft.network/networkinterfaces,uksouth,rg-prd-app03,11111111-1111-1111-1111-111111111111,Contoso-Production,,{},"{""environment"": ""prod"", ""owner"": ""platform"", ""costCenter"": ""CC300""}",[],"{""virtualMachine"": {""id"": ""x""}}"
/subscriptions/11111111-1111-1111-1111-111111111111/resourceGroups/rg-prd-app04/providers/Microsoft.Compute/virtualMachines/vm-prd-003,vm-prd-003,microsoft.compute/virtualmachines,westeurope,rg-prd-app04,11111111-1111-1111-1111-111111111111,Contoso-Production,,{},"{""environment"": ""prod"", ""owner"": ""app-team"", ""costCenter"": ""CC300""}",[],"{""hardwareProfile"": {""vmSize"": ""Standard_E8s_v5""}, ""storageProfile"": {""osDisk"": {""osType"": ""Linux"", ""managedDisk"": {""id"": ""x""}}}, ""extended"": {""instanceView"": {""powerState"": {""code"": ""PowerState/running""}}}, ""availabilitySet"": null}"
/subscriptions/11111111-1111-1111-1111-111111111111/resourceGroups/rg-prd-app04/providers/Microsoft.Compute/disks/vm-prd-003_OsDisk,vm-prd-003_OsDisk,microsoft.compute/disks,westeurope,rg-prd-app04,11111111-1111-1111-1111-111111111111,Contoso-Production,,"{""name"": ""Premium_LRS""}",{},[],"{""diskState"": ""Attached"", ""diskSizeGB"": 128}"
/subscriptions/11111111-1111-1111-1111-111111111111/resourceGroups/rg-prd-app04/providers/Microsoft.Network/networkInterfaces/nic-prd-003,nic-prd-003,microsoft.network/networkinterfaces,westeurope,rg-prd-app04,11111111-1111-1111-1111-111111111111,Contoso-Production,,{},"{""owner"": ""data-team""}",[],"{""virtualMachine"": {""id"": ""x""}}"
/subscriptions/11111111-1111-1111-1111-111111111111/resourceGroups/rg-prd-app01/providers/Microsoft.Compute/virtualMachines/vm-prd-004,vm-prd-004,microsoft.compute/virtualmachines,westeurope,rg-prd-app01,11111111-1111-1111-1111-111111111111,Contoso-Production,,{},"{""costCenter"": ""CC200""}",[],"{""hardwareProfile"": {""vmSize"": ""Standard_DS2_v2""}, ""storageProfile"": {""osDisk"": {""osType"": ""Windows"", ""managedDisk"": {""id"": ""x""}}}, ""extended"": {""instanceView"": {""powerState"": {""code"": ""PowerState/running""}}}, ""availabilitySet"": null}"
/subscriptions/11111111-1111-1111-1111-111111111111/resourceGroups/rg-prd-app01/providers/Microsoft.Compute/disks/vm-prd-004_OsDisk,vm-prd-004_OsDisk,microsoft.compute/disks,westeurope,rg-prd-app01,11111111-1111-1111-1111-111111111111,Contoso-Production,,"{""name"": ""Premium_LRS""}","{""environment"": ""prod"", ""owner"": ""app-team"", ""costCenter"": ""CC100""}",[],"{""diskState"": ""Attached"", ""diskSizeGB"": 128}"
/subscriptions/11111111-1111-1111-1111-111111111111/resourceGroups/rg-prd-app01/providers/Microsoft.Network/networkInterfaces/nic-prd-004,nic-prd-004,microsoft.network/networkinterfaces,westeurope,rg-prd-app01,11111111-1111-1111-1111-111111111111,Contoso-Production,,{},"{""environment"": ""prod"", ""owner"": ""platform"", ""costCenter"": ""CC300""}",[],"{""virtualMachine"": {""id"": ""x""}}"
/subscriptions/11111111-1111-1111-1111-111111111111/resourceGroups/rg-prd-app02/providers/Microsoft.Compute/virtualMachines/vm-prd-005,vm-prd-005,microsoft.compute/virtualmachines,eastus,rg-prd-app02,11111111-1111-1111-1111-111111111111,Contoso-Production,,{},"{""environment"": ""prod"", ""owner"": ""platform"", ""costCenter"": ""CC300""}","[""2""]","{""hardwareProfile"": {""vmSize"": ""Standard_B2ms""}, ""storageProfile"": {""osDisk"": {""osType"": ""Windows"", ""managedDisk"": {""id"": ""x""}}}, ""extended"": {""instanceView"": {""powerState"": {""code"": ""PowerState/running""}}}, ""availabilitySet"": null}"
/subscriptions/11111111-1111-1111-1111-111111111111/resourceGroups/rg-prd-app02/providers/Microsoft.Compute/disks/vm-prd-005_OsDisk,vm-prd-005_OsDisk,microsoft.compute/disks,eastus,rg-prd-app02,11111111-1111-1111-1111-111111111111,Contoso-Production,,"{""name"": ""Premium_LRS""}",{},[],"{""diskState"": ""Attached"", ""diskSizeGB"": 128}"
/subscriptions/11111111-1111-1111-1111-111111111111/resourceGroups/rg-prd-app02/providers/Microsoft.Network/networkInterfaces/nic-prd-005,nic-prd-005,microsoft.network/networkinterfaces,eastus,rg-prd-app02,11111111-1111-1111-1111-111111111111,Contoso-Production,,{},"{""environment"": ""prod"", ""owner"": ""app-team"", ""costCenter"": ""CC100""}",[],"{""virtualMachine"": {""id"": ""x""}}"
/subscriptions/11111111-1111-1111-1111-111111111111/resourceGroups/rg-prd-app03/providers/Microsoft.Compute/virtualMachines/vm-prd-006,vm-prd-006,microsoft.compute/virtualmachines,eastus,rg-prd-app03,11111111-1111-1111-1111-111111111111,Contoso-Production,,{},"{""environment"": ""prod"", ""owner"": ""app-team"", ""costCenter"": ""CC100""}",[],"{""hardwareProfile"": {""vmSize"": ""Standard_E8s_v5""}, ""storageProfile"": {""osDisk"": {""osType"": ""Linux"", ""managedDisk"": {""id"": ""x""}}}, ""extended"": {""instanceView"": {""powerState"": {""code"": ""PowerState/running""}}}, ""availabilitySet"": null}"
/subscriptions/11111111-1111-1111-1111-111111111111/resourceGroups/rg-prd-app03/providers/Microsoft.Compute/disks/vm-prd-006_OsDisk,vm-prd-006_OsDisk,microsoft.compute/disks,eastus,rg-prd-app03,11111111-1111-1111-1111-111111111111,Contoso-Production,,"{""name"": ""Premium_LRS""}","{""environment"": ""prod"", ""owner"": ""data-team"", ""costCenter"": ""CC200""}",[],"{""diskState"": ""Attached"", ""diskSizeGB"": 128}"
/subscriptions/11111111-1111-1111-1111-111111111111/resourceGroups/rg-prd-app03/providers/Microsoft.Network/networkInterfaces/nic-prd-006,nic-prd-006,microsoft.network/networkinterfaces,eastus,rg-prd-app03,11111111-1111-1111-1111-111111111111,Contoso-Production,,{},"{""costCenter"": ""CC300""}",[],"{""virtualMachine"": {""id"": ""x""}}"
/subscriptions/11111111-1111-1111-1111-111111111111/resourceGroups/rg-prd-app04/providers/Microsoft.Compute/virtualMachines/vm-prd-007,vm-prd-007,microsoft.compute/virtualmachines,eastus,rg-prd-app04,11111111-1111-1111-1111-111111111111,Contoso-Production,,{},"{""environment"": ""prod"", ""owner"": ""app-team"", ""costCenter"": ""CC100""}",[],"{""hardwareProfile"": {""vmSize"": ""Standard_D2s_v5""}, ""storageProfile"": {""osDisk"": {""osType"": ""Windows"", ""managedDisk"": {""id"": ""x""}}}, ""extended"": {""instanceView"": {""powerState"": {""code"": ""PowerState/running""}}}, ""availabilitySet"": null}"
/subscriptions/11111111-1111-1111-1111-111111111111/resourceGroups/rg-prd-app04/providers/Microsoft.Compute/disks/vm-prd-007_OsDisk,vm-prd-007_OsDisk,microsoft.compute/disks,eastus,rg-prd-app04,11111111-1111-1111-1111-111111111111,Contoso-Production,,"{""name"": ""Premium_LRS""}",{},[],"{""diskState"": ""Attached"", ""diskSizeGB"": 128}"
/subscriptions/11111111-1111-1111-1111-111111111111/resourceGroups/rg-prd-app04/providers/Microsoft.Network/networkInterfaces/nic-prd-007,nic-prd-007,microsoft.network/networkinterfaces,eastus,rg-prd-app04,11111111-1111-1111-1111-111111111111,Contoso-Production,,{},"{""environment"": ""prod"", ""owner"": ""data-team"", ""costCenter"": ""CC200""}",[],"{""virtualMachine"": {""id"": ""x""}}"
/subscriptions/11111111-1111-1111-1111-111111111111/resourceGroups/rg-prd-app01/providers/Microsoft.Compute/virtualMachines/vm-prd-008,vm-prd-008,microsoft.compute/virtualmachines,uksouth,rg-prd-app01,11111111-1111-1111-1111-111111111111,Contoso-Production,,{},"{""environment"": ""prod"", ""owner"": ""platform"", ""costCenter"": ""CC300""}","[""1""]","{""hardwareProfile"": {""vmSize"": ""Standard_A2_v2""}, ""storageProfile"": {""osDisk"": {""osType"": ""Windows"", ""managedDisk"": {""id"": ""x""}}}, ""extended"": {""instanceView"": {""powerState"": {""code"": ""PowerState/deallocated""}}}, ""availabilitySet"": null}"
/subscriptions/11111111-1111-1111-1111-111111111111/resourceGroups/rg-prd-app01/providers/Microsoft.Compute/disks/vm-prd-008_OsDisk,vm-prd-008_OsDisk,microsoft.compute/disks,uksouth,rg-prd-app01,11111111-1111-1111-1111-111111111111,Contoso-Production,,"{""name"": ""Premium_LRS""}","{""environment"": ""prod"", ""owner"": ""platform"", ""costCenter"": ""CC200""}",[],"{""diskState"": ""Attached"", ""diskSizeGB"": 128}"
/subscriptions/11111111-1111-1111-1111-111111111111/resourceGroups/rg-prd-app01/providers/Microsoft.Network/networkInterfaces/nic-prd-008,nic-prd-008,microsoft.network/networkinterfaces,uksouth,rg-prd-app01,11111111-1111-1111-1111-111111111111,Contoso-Production,,{},"{""environment"": ""prod"", ""owner"": ""app-team"", ""costCenter"": ""CC200""}",[],"{""virtualMachine"": {""id"": ""x""}}"
/subscriptions/11111111-1111-1111-1111-111111111111/resourceGroups/rg-prd-app02/providers/Microsoft.Compute/virtualMachines/vm-prd-009,vm-prd-009,microsoft.compute/virtualmachines,eastus,rg-prd-app02,11111111-1111-1111-1111-111111111111,Contoso-Production,,{},{},[],"{""hardwareProfile"": {""vmSize"": ""Standard_D2s_v5""}, ""storageProfile"": {""osDisk"": {""osType"": ""Linux"", ""managedDisk"": {""id"": ""x""}}}, ""extended"": {""instanceView"": {""powerState"": {""code"": ""PowerState/running""}}}, ""availabilitySet"": null}"
/subscriptions/11111111-1111-1111-1111-111111111111/resourceGroups/rg-prd-app02/providers/Microsoft.Compute/disks/vm-prd-009_OsDisk,vm-prd-009_OsDisk,microsoft.compute/disks,eastus,rg-prd-app02,11111111-1111-1111-1111-111111111111,Contoso-Production,,"{""name"": ""Premium_LRS""}","{""environment"": ""prod"", ""owner"": ""platform""}",[],"{""diskState"": ""Attached"", ""diskSizeGB"": 128}"
/subscriptions/11111111-1111-1111-1111-111111111111/resourceGroups/rg-prd-app02/providers/Microsoft.Network/networkInterfaces/nic-prd-009,nic-prd-009,microsoft.network/networkinterfaces,eastus,rg-prd-app02,11111111-1111-1111-1111-111111111111,Contoso-Production,,{},"{""environment"": ""prod"", ""owner"": ""platform"", ""costCenter"": ""CC200""}",[],"{""virtualMachine"": {""id"": ""x""}}"
/subscriptions/11111111-1111-1111-1111-111111111111/resourceGroups/rg-prd-app03/providers/Microsoft.Compute/virtualMachines/vm-prd-010,vm-prd-010,microsoft.compute/virtualmachines,westeurope,rg-prd-app03,11111111-1111-1111-1111-111111111111,Contoso-Production,,{},{},"[""2""]","{""hardwareProfile"": {""vmSize"": ""Standard_E8s_v5""}, ""storageProfile"": {""osDisk"": {""osType"": ""Linux"", ""managedDisk"": {""id"": ""x""}}}, ""extended"": {""instanceView"": {""powerState"": {""code"": ""PowerState/running""}}}, ""availabilitySet"": null}"
/subscriptions/11111111-1111-1111-1111-111111111111/resourceGroups/rg-prd-app03/providers/Microsoft.Compute/disks/vm-prd-010_OsDisk,vm-prd-010_OsDisk,microsoft.compute/disks,westeurope,rg-prd-app03,11111111-1111-1111-1111-111111111111,Contoso-Production,,"{""name"": ""Premium_LRS""}","{""environment"": ""prod"", ""owner"": ""data-team"", ""costCenter"": ""CC100""}",[],"{""diskState"": ""Attached"", ""diskSizeGB"": 128}"
/subscriptions/11111111-1111-1111-1111-111111111111/resourceGroups/rg-prd-app03/providers/Microsoft.Network/networkInterfaces/nic-prd-010,nic-prd-010,microsoft.network/networkinterfaces,westeurope,rg-prd-app03,11111111-1111-1111-1111-111111111111,Contoso-Production,,{},"{""environment"": ""prod"", ""owner"": ""app-team"", ""costCenter"": ""CC300""}",[],"{""virtualMachine"": {""id"": ""x""}}"
/subscriptions/11111111-1111-1111-1111-111111111111/resourceGroups/rg-prd-app04/providers/Microsoft.Compute/virtualMachines/vm-prd-011,vm-prd-011,microsoft.compute/virtualmachines,uksouth,rg-prd-app04,11111111-1111-1111-1111-111111111111,Contoso-Production,,{},"{""environment"": ""prod"", ""owner"": ""app-team"", ""costCenter"": ""CC300""}","[""3""]","{""hardwareProfile"": {""vmSize"": ""Standard_D4s_v5""}, ""storageProfile"": {""osDisk"": {""osType"": ""Linux"", ""managedDisk"": {""id"": ""x""}}}, ""extended"": {""instanceView"": {""powerState"": {""code"": ""PowerState/running""}}}, ""availabilitySet"": null}"
/subscriptions/11111111-1111-1111-1111-111111111111/resourceGroups/rg-prd-app04/providers/Microsoft.Compute/disks/vm-prd-011_OsDisk,vm-prd-011_OsDisk,microsoft.compute/disks,uksouth,rg-prd-app04,11111111-1111-1111-1111-111111111111,Contoso-Production,,"{""name"": ""Premium_LRS""}","{""environment"": ""prod"", ""owner"": ""data-team"", ""costCenter"": ""CC200""}",[],"{""diskState"": ""Attached"", ""diskSizeGB"": 128}"
/subscriptions/11111111-1111-1111-1111-111111111111/resourceGroups/rg-prd-app04/providers/Microsoft.Network/networkInterfaces/nic-prd-011,nic-prd-011,microsoft.network/networkinterfaces,uksouth,rg-prd-app04,11111111-1111-1111-1111-111111111111,Contoso-Production,,{},"{""environment"": ""prod"", ""owner"": ""platform"", ""costCenter"": ""CC100""}",[],"{""virtualMachine"": {""id"": ""x""}}"
/subscriptions/11111111-1111-1111-1111-111111111111/resourceGroups/rg-prd-app01/providers/Microsoft.Compute/virtualMachines/vm-prd-012,vm-prd-012,microsoft.compute/virtualmachines,centralindia,rg-prd-app01,11111111-1111-1111-1111-111111111111,Contoso-Production,,{},"{""environment"": ""prod"", ""owner"": ""platform"", ""costCenter"": ""CC300""}","[""1""]","{""hardwareProfile"": {""vmSize"": ""Standard_D2s_v5""}, ""storageProfile"": {""osDisk"": {""osType"": ""Linux"", ""managedDisk"": {""id"": ""x""}}}, ""extended"": {""instanceView"": {""powerState"": {""code"": ""PowerState/running""}}}, ""availabilitySet"": null}"
/subscriptions/11111111-1111-1111-1111-111111111111/resourceGroups/rg-prd-app01/providers/Microsoft.Compute/disks/vm-prd-012_OsDisk,vm-prd-012_OsDisk,microsoft.compute/disks,centralindia,rg-prd-app01,11111111-1111-1111-1111-111111111111,Contoso-Production,,"{""name"": ""Premium_LRS""}","{""environment"": ""prod"", ""owner"": ""app-team"", ""costCenter"": ""CC300""}",[],"{""diskState"": ""Attached"", ""diskSizeGB"": 128}"
/subscriptions/11111111-1111-1111-1111-111111111111/resourceGroups/rg-prd-app01/providers/Microsoft.Network/networkInterfaces/nic-prd-012,nic-prd-012,microsoft.network/networkinterfaces,centralindia,rg-prd-app01,11111111-1111-1111-1111-111111111111,Contoso-Production,,{},"{""environment"": ""prod"", ""owner"": ""data-team"", ""costCenter"": ""CC100""}",[],"{""virtualMachine"": {""id"": ""x""}}"
/subscriptions/11111111-1111-1111-1111-111111111111/resourceGroups/rg-prd-app02/providers/Microsoft.Compute/virtualMachines/vm-prd-013,vm-prd-013,microsoft.compute/virtualmachines,westeurope,rg-prd-app02,11111111-1111-1111-1111-111111111111,Contoso-Production,,{},"{""environment"": ""prod"", ""owner"": ""data-team"", ""costCenter"": ""CC200""}","[""2""]","{""hardwareProfile"": {""vmSize"": ""Standard_D2s_v5""}, ""storageProfile"": {""osDisk"": {""osType"": ""Linux"", ""managedDisk"": {""id"": ""x""}}}, ""extended"": {""instanceView"": {""powerState"": {""code"": ""PowerState/running""}}}, ""availabilitySet"": null}"
/subscriptions/11111111-1111-1111-1111-111111111111/resourceGroups/rg-prd-app02/providers/Microsoft.Compute/disks/vm-prd-013_OsDisk,vm-prd-013_OsDisk,microsoft.compute/disks,westeurope,rg-prd-app02,11111111-1111-1111-1111-111111111111,Contoso-Production,,"{""name"": ""Premium_LRS""}",{},[],"{""diskState"": ""Attached"", ""diskSizeGB"": 128}"
/subscriptions/11111111-1111-1111-1111-111111111111/resourceGroups/rg-prd-app02/providers/Microsoft.Network/networkInterfaces/nic-prd-013,nic-prd-013,microsoft.network/networkinterfaces,westeurope,rg-prd-app02,11111111-1111-1111-1111-111111111111,Contoso-Production,,{},"{""environment"": ""prod"", ""owner"": ""data-team"", ""costCenter"": ""CC300""}",[],"{""virtualMachine"": {""id"": ""x""}}"
/subscriptions/11111111-1111-1111-1111-111111111111/resourceGroups/rg-prd-app01/providers/Microsoft.Compute/disks/disk-prd-orphan-0,disk-prd-orphan-0,microsoft.compute/disks,uksouth,rg-prd-app01,11111111-1111-1111-1111-111111111111,Contoso-Production,,"{""name"": ""StandardSSD_LRS""}","{""environment"": ""prod"", ""owner"": ""data-team"", ""costCenter"": ""CC100""}",[],"{""diskState"": ""Unattached"", ""diskSizeGB"": 64}"
/subscriptions/11111111-1111-1111-1111-111111111111/resourceGroups/rg-prd-app01/providers/Microsoft.Compute/disks/disk-prd-orphan-1,disk-prd-orphan-1,microsoft.compute/disks,westeurope,rg-prd-app01,11111111-1111-1111-1111-111111111111,Contoso-Production,,"{""name"": ""Premium_LRS""}","{""environment"": ""prod"", ""owner"": ""app-team"", ""costCenter"": ""CC200""}",[],"{""diskState"": ""Unattached"", ""diskSizeGB"": 512}"
/subscriptions/11111111-1111-1111-1111-111111111111/resourceGroups/rg-prd-app01/providers/Microsoft.Compute/disks/disk-prd-orphan-2,disk-prd-orphan-2,microsoft.compute/disks,eastus,rg-prd-app01,11111111-1111-1111-1111-111111111111,Contoso-Production,,"{""name"": ""Premium_LRS""}","{""environment"": ""prod"", ""owner"": ""platform"", ""costCenter"": ""CC200""}",[],"{""diskState"": ""Unattached"", ""diskSizeGB"": 512}"
/subscriptions/11111111-1111-1111-1111-111111111111/resourceGroups/rg-prd-app01/providers/Microsoft.Compute/disks/disk-prd-orphan-3,disk-prd-orphan-3,microsoft.compute/disks,centralindia,rg-prd-app01,11111111-1111-1111-1111-111111111111,Contoso-Production,,"{""name"": ""Premium_LRS""}","{""environment"": ""prod"", ""owner"": ""app-team""}",[],"{""diskState"": ""Unattached"", ""diskSizeGB"": 128}"
/subscriptions/11111111-1111-1111-1111-111111111111/resourceGroups/rg-prd-app01/providers/Microsoft.Compute/disks/disk-prd-orphan-4,disk-prd-orphan-4,microsoft.compute/disks,eastus,rg-prd-app01,11111111-1111-1111-1111-111111111111,Contoso-Production,,"{""name"": ""StandardSSD_LRS""}","{""environment"": ""prod"", ""owner"": ""app-team"", ""costCenter"": ""CC300""}",[],"{""diskState"": ""Unattached"", ""diskSizeGB"": 256}"
/subscriptions/11111111-1111-1111-1111-111111111111/resourceGroups/rg-prd-app01/providers/Microsoft.Compute/disks/disk-prd-orphan-5,disk-prd-orphan-5,microsoft.compute/disks,westeurope,rg-prd-app01,11111111-1111-1111-1111-111111111111,Contoso-Production,,"{""name"": ""Premium_LRS""}","{""environment"": ""prod"", ""owner"": ""data-team"", ""costCenter"": ""CC300""}",[],"{""diskState"": ""Unattached"", ""diskSizeGB"": 64}"
/subscriptions/11111111-1111-1111-1111-111111111111/resourceGroups/rg-prd-data/providers/Microsoft.Storage/storageAccounts/stprddata00,stprddata00,microsoft.storage/storageaccounts,centralindia,rg-prd-data,11111111-1111-1111-1111-111111111111,Contoso-Production,StorageV2,"{""name"": ""Standard_LRS""}","{""environment"": ""prod"", ""owner"": ""app-team"", ""costCenter"": ""CC200""}",[],"{""supportsHttpsTrafficOnly"": true, ""allowBlobPublicAccess"": false, ""minimumTlsVersion"": ""TLS1_2"", ""publicNetworkAccess"": ""Enabled""}"
/subscriptions/11111111-1111-1111-1111-111111111111/resourceGroups/rg-prd-data/providers/Microsoft.Storage/storageAccounts/stprddata01,stprddata01,microsoft.storage/storageaccounts,westeurope,rg-prd-data,11111111-1111-1111-1111-111111111111,Contoso-Production,StorageV2,"{""name"": ""Standard_GRS""}","{""environment"": ""prod"", ""owner"": ""app-team"", ""costCenter"": ""CC300""}",[],"{""supportsHttpsTrafficOnly"": true, ""allowBlobPublicAccess"": false, ""minimumTlsVersion"": ""TLS1_2"", ""publicNetworkAccess"": ""Enabled""}"
/subscriptions/11111111-1111-1111-1111-111111111111/resourceGroups/rg-prd-data/providers/Microsoft.Storage/storageAccounts/stprddata02,stprddata02,microsoft.storage/storageaccounts,centralindia,rg-prd-data,11111111-1111-1111-1111-111111111111,Contoso-Production,StorageV2,"{""name"": ""Standard_ZRS""}","{""environment"": ""prod"", ""owner"": ""data-team"", ""costCenter"": ""CC100""}",[],"{""supportsHttpsTrafficOnly"": true, ""allowBlobPublicAccess"": true, ""minimumTlsVersion"": ""TLS1_2"", ""publicNetworkAccess"": ""Enabled""}"
/subscriptions/11111111-1111-1111-1111-111111111111/resourceGroups/rg-prd-data/providers/Microsoft.Storage/storageAccounts/stprddata03,stprddata03,microsoft.storage/storageaccounts,eastus,rg-prd-data,11111111-1111-1111-1111-111111111111,Contoso-Production,StorageV2,"{""name"": ""Standard_ZRS""}","{""environment"": ""prod"", ""owner"": ""data-team"", ""costCenter"": ""CC100""}",[],"{""supportsHttpsTrafficOnly"": false, ""allowBlobPublicAccess"": false, ""minimumTlsVersion"": ""TLS1_2"", ""publicNetworkAccess"": ""Enabled""}"
/subscriptions/11111111-1111-1111-1111-111111111111/resourceGroups/rg-prd-data/providers/Microsoft.Storage/storageAccounts/stprddata04,stprddata04,microsoft.storage/storageaccounts,eastus,rg-prd-data,11111111-1111-1111-1111-111111111111,Contoso-Production,StorageV2,"{""name"": ""Standard_LRS""}","{""costCenter"": ""CC100""}",[],"{""supportsHttpsTrafficOnly"": false, ""allowBlobPublicAccess"": true, ""minimumTlsVersion"": ""TLS1_2"", ""publicNetworkAccess"": ""Enabled""}"
/subscriptions/11111111-1111-1111-1111-111111111111/resourceGroups/rg-prd-sec/providers/Microsoft.KeyVault/vaults/kv-prd-00,kv-prd-00,microsoft.keyvault/vaults,eastus,rg-prd-sec,11111111-1111-1111-1111-111111111111,Contoso-Production,,{},{},[],"{""enableSoftDelete"": true, ""enablePurgeProtection"": true, ""publicNetworkAccess"": ""Enabled"", ""sku"": {""name"": ""standard""}}"
/subscriptions/11111111-1111-1111-1111-111111111111/resourceGroups/rg-prd-sec/providers/Microsoft.KeyVault/vaults/kv-prd-01,kv-prd-01,microsoft.keyvault/vaults,westeurope,rg-prd-sec,11111111-1111-1111-1111-111111111111,Contoso-Production,,{},"{""environment"": ""prod"", ""owner"": ""app-team""}",[],"{""enableSoftDelete"": true, ""enablePurgeProtection"": true, ""publicNetworkAccess"": ""Enabled"", ""sku"": {""name"": ""standard""}}"
/subscriptions/11111111-1111-1111-1111-111111111111/resourceGroups/rg-prd-data/providers/Microsoft.Sql/servers/sql-prd-01,sql-prd-01,microsoft.sql/servers,centralindia,rg-prd-data,11111111-1111-1111-1111-111111111111,Contoso-Production,,{},"{""environment"": ""prod"", ""owner"": ""data-team"", ""costCenter"": ""CC300""}",[],"{""publicNetworkAccess"": ""Disabled"", ""minimalTlsVersion"": ""1.2""}"
/subscriptions/11111111-1111-1111-1111-111111111111/resourceGroups/rg-prd-data/providers/Microsoft.Sql/servers/databases/sql-prd-01/db0,sql-prd-01/db0,microsoft.sql/servers/databases,eastus,rg-prd-data,11111111-1111-1111-1111-111111111111,Contoso-Production,,"{""name"": ""GP_Gen5_2""}","{""environment"": ""prod"", ""owner"": ""platform"", ""costCenter"": ""CC300""}",[],"{""zoneRedundant"": true}"
/subscriptions/11111111-1111-1111-1111-111111111111/resourceGroups/rg-prd-data/providers/Microsoft.Sql/servers/databases/sql-prd-01/db1,sql-prd-01/db1,microsoft.sql/servers/databases,eastus,rg-prd-data,11111111-1111-1111-1111-111111111111,Contoso-Production,,"{""name"": ""S1""}","{""environment"": ""prod"", ""owner"": ""app-team"", ""costCenter"": ""CC200""}",[],"{""zoneRedundant"": false}"
/subscriptions/11111111-1111-1111-1111-111111111111/resourceGroups/rg-prd-data/providers/Microsoft.Sql/servers/databases/sql-prd-01/db2,sql-prd-01/db2,microsoft.sql/servers/databases,eastus,rg-prd-data,11111111-1111-1111-1111-111111111111,Contoso-Production,,"{""name"": ""Basic""}","{""environment"": ""prod"", ""owner"": ""app-team"", ""costCenter"": ""CC100""}",[],"{""zoneRedundant"": false}"
/subscriptions/11111111-1111-1111-1111-111111111111/resourceGroups/rg-prd-web/providers/Microsoft.Web/serverFarms/asp-prd-00,asp-prd-00,microsoft.web/serverfarms,westeurope,rg-prd-web,11111111-1111-1111-1111-111111111111,Contoso-Production,,"{""name"": ""P1v3""}","{""environment"": ""prod"", ""owner"": ""data-team"", ""costCenter"": ""CC300""}",[],"{""numberOfSites"": 3}"
/subscriptions/11111111-1111-1111-1111-111111111111/resourceGroups/rg-prd-web/providers/Microsoft.Web/serverFarms/asp-prd-01,asp-prd-01,microsoft.web/serverfarms,westeurope,rg-prd-web,11111111-1111-1111-1111-111111111111,Contoso-Production,,"{""name"": ""P1v3""}","{""environment"": ""prod"", ""owner"": ""app-team"", ""costCenter"": ""CC300""}",[],"{""numberOfSites"": 2}"
/subscriptions/11111111-1111-1111-1111-111111111111/resourceGroups/rg-prd-web/providers/Microsoft.Web/sites/app-prd-00,app-prd-00,microsoft.web/sites,eastus,rg-prd-web,11111111-1111-1111-1111-111111111111,Contoso-Production,app,{},"{""environment"": ""prod"", ""owner"": ""app-team"", ""costCenter"": ""CC300""}",[],"{""httpsOnly"": true, ""siteConfig"": {""minTlsVersion"": ""1.2""}}"
/subscriptions/11111111-1111-1111-1111-111111111111/resourceGroups/rg-prd-web/providers/Microsoft.Web/sites/app-prd-01,app-prd-01,microsoft.web/sites,eastus,rg-prd-web,11111111-1111-1111-1111-111111111111,Contoso-Production,app,{},"{""costCenter"": ""CC200""}",[],"{""httpsOnly"": true, ""siteConfig"": {""minTlsVersion"": ""1.2""}}"
/subscriptions/11111111-1111-1111-1111-111111111111/resourceGroups/rg-prd-web/providers/Microsoft.Web/sites/app-prd-02,app-prd-02,microsoft.web/sites,westeurope,rg-prd-web,11111111-1111-1111-1111-111111111111,Contoso-Production,app,{},"{""environment"": ""prod"", ""owner"": ""platform"", ""costCenter"": ""CC200""}",[],"{""httpsOnly"": true, ""siteConfig"": {""minTlsVersion"": ""1.2""}}"
/subscriptions/11111111-1111-1111-1111-111111111111/resourceGroups/rg-prd-web/providers/Microsoft.Web/sites/app-prd-03,app-prd-03,microsoft.web/sites,eastus,rg-prd-web,11111111-1111-1111-1111-111111111111,Contoso-Production,app,{},"{""environment"": ""prod"", ""owner"": ""data-team"", ""costCenter"": ""CC200""}",[],"{""httpsOnly"": true, ""siteConfig"": {""minTlsVersion"": ""1.2""}}"
/subscriptions/11111111-1111-1111-1111-111111111111/resourceGroups/rg-prd-mon/providers/Microsoft.OperationalInsights/workspaces/log-prd-01,log-prd-01,microsoft.operationalinsights/workspaces,eastus,rg-prd-mon,11111111-1111-1111-1111-111111111111,Contoso-Production,,{},"{""environment"": ""prod"", ""owner"": ""app-team"", ""costCenter"": ""CC100""}",[],"{""retentionInDays"": 30}"
/subscriptions/22222222-2222-2222-2222-222222222222/resourceGroups/rg-dev-app01/providers/Microsoft.Compute/virtualMachines/vm-dev-000,vm-dev-000,microsoft.compute/virtualmachines,eastus,rg-dev-app01,22222222-2222-2222-2222-222222222222,Contoso-NonProduction,,{},"{""environment"": ""dev"", ""owner"": ""platform"", ""costCenter"": ""CC100""}",[],"{""hardwareProfile"": {""vmSize"": ""Standard_D4s_v5""}, ""storageProfile"": {""osDisk"": {""osType"": ""Linux"", ""managedDisk"": {""id"": ""x""}}}, ""extended"": {""instanceView"": {""powerState"": {""code"": ""PowerState/running""}}}, ""availabilitySet"": null}"
/subscriptions/22222222-2222-2222-2222-222222222222/resourceGroups/rg-dev-app01/providers/Microsoft.Compute/disks/vm-dev-000_OsDisk,vm-dev-000_OsDisk,microsoft.compute/disks,eastus,rg-dev-app01,22222222-2222-2222-2222-222222222222,Contoso-NonProduction,,"{""name"": ""Premium_LRS""}","{""environment"": ""dev"", ""owner"": ""data-team"", ""costCenter"": ""CC200""}",[],"{""diskState"": ""Attached"", ""diskSizeGB"": 128}"
/subscriptions/22222222-2222-2222-2222-222222222222/resourceGroups/rg-dev-app01/providers/Microsoft.Network/networkInterfaces/nic-dev-000,nic-dev-000,microsoft.network/networkinterfaces,eastus,rg-dev-app01,22222222-2222-2222-2222-222222222222,Contoso-NonProduction,,{},"{""environment"": ""dev"", ""owner"": ""data-team"", ""costCenter"": ""CC300""}",[],"{""virtualMachine"": {""id"": ""x""}}"
/subscriptions/22222222-2222-2222-2222-222222222222/resourceGroups/rg-dev-app02/providers/Microsoft.Compute/virtualMachines/vm-dev-001,vm-dev-001,microsoft.compute/virtualmachines,uksouth,rg-dev-app02,22222222-2222-2222-2222-222222222222,Contoso-NonProduction,,{},"{""environment"": ""dev"", ""owner"": ""data-team"", ""costCenter"": ""CC100""}",[],"{""hardwareProfile"": {""vmSize"": ""Standard_B2ms""}, ""storageProfile"": {""osDisk"": {""osType"": ""Linux"", ""managedDisk"": {""id"": ""x""}}}, ""extended"": {""instanceView"": {""powerState"": {""code"": ""PowerState/running""}}}, ""availabilitySet"": null}"
/subscriptions/22222222-2222-2222-2222-222222222222/resourceGroups/rg-dev-app02/providers/Microsoft.Compute/disks/vm-dev-001_OsDisk,vm-dev-001_OsDisk,microsoft.compute/disks,uksouth,rg-dev-app02,22222222-2222-2222-2222-222222222222,Contoso-NonProduction,,"{""name"": ""Premium_LRS""}","{""environment"": ""dev"", ""owner"": ""app-team"", ""costCenter"": ""CC200""}",[],"{""diskState"": ""Attached"", ""diskSizeGB"": 128}"
/subscriptions/22222222-2222-2222-2222-222222222222/resourceGroups/rg-dev-app02/providers/Microsoft.Network/networkInterfaces/nic-dev-001,nic-dev-001,microsoft.network/networkinterfaces,uksouth,rg-dev-app02,22222222-2222-2222-2222-222222222222,Contoso-NonProduction,,{},"{""environment"": ""dev"", ""owner"": ""data-team"", ""costCenter"": ""CC100""}",[],"{""virtualMachine"": {""id"": ""x""}}"
/subscriptions/22222222-2222-2222-2222-222222222222/resourceGroups/rg-dev-app03/providers/Microsoft.Compute/virtualMachines/vm-dev-002,vm-dev-002,microsoft.compute/virtualmachines,eastus,rg-dev-app03,22222222-2222-2222-2222-222222222222,Contoso-NonProduction,,{},"{""environment"": ""dev"", ""owner"": ""platform"", ""costCenter"": ""CC100""}",[],"{""hardwareProfile"": {""vmSize"": ""Standard_D2s_v5""}, ""storageProfile"": {""osDisk"": {""osType"": ""Linux"", ""managedDisk"": {""id"": ""x""}}}, ""extended"": {""instanceView"": {""powerState"": {""code"": ""PowerState/running""}}}, ""availabilitySet"": null}"
/subscriptions/22222222-2222-2222-2222-222222222222/resourceGroups/rg-dev-app03/providers/Microsoft.Compute/disks/vm-dev-002_OsDisk,vm-dev-002_OsDisk,microsoft.compute/disks,eastus,rg-dev-app03,22222222-2222-2222-2222-222222222222,Contoso-NonProduction,,"{""name"": ""Premium_LRS""}","{""environment"": ""dev"", ""owner"": ""platform"", ""costCenter"": ""CC300""}",[],"{""diskState"": ""Attached"", ""diskSizeGB"": 128}"
/subscriptions/22222222-2222-2222-2222-222222222222/resourceGroups/rg-dev-app03/providers/Microsoft.Network/networkInterfaces/nic-dev-002,nic-dev-002,microsoft.network/networkinterfaces,eastus,rg-dev-app03,22222222-2222-2222-2222-222222222222,Contoso-NonProduction,,{},{},[],"{""virtualMachine"": {""id"": ""x""}}"
/subscriptions/22222222-2222-2222-2222-222222222222/resourceGroups/rg-dev-app04/providers/Microsoft.Compute/virtualMachines/vm-dev-003,vm-dev-003,microsoft.compute/virtualmachines,eastus,rg-dev-app04,22222222-2222-2222-2222-222222222222,Contoso-NonProduction,,{},"{""environment"": ""dev""}",[],"{""hardwareProfile"": {""vmSize"": ""Standard_D2s_v5""}, ""storageProfile"": {""osDisk"": {""osType"": ""Linux"", ""managedDisk"": {""id"": ""x""}}}, ""extended"": {""instanceView"": {""powerState"": {""code"": ""PowerState/running""}}}, ""availabilitySet"": null}"
/subscriptions/22222222-2222-2222-2222-222222222222/resourceGroups/rg-dev-app04/providers/Microsoft.Compute/disks/vm-dev-003_OsDisk,vm-dev-003_OsDisk,microsoft.compute/disks,eastus,rg-dev-app04,22222222-2222-2222-2222-222222222222,Contoso-NonProduction,,"{""name"": ""Premium_LRS""}",{},[],"{""diskState"": ""Attached"", ""diskSizeGB"": 128}"
/subscriptions/22222222-2222-2222-2222-222222222222/resourceGroups/rg-dev-app04/providers/Microsoft.Network/networkInterfaces/nic-dev-003,nic-dev-003,microsoft.network/networkinterfaces,eastus,rg-dev-app04,22222222-2222-2222-2222-222222222222,Contoso-NonProduction,,{},"{""environment"": ""dev"", ""owner"": ""data-team"", ""costCenter"": ""CC300""}",[],"{""virtualMachine"": {""id"": ""x""}}"
/subscriptions/22222222-2222-2222-2222-222222222222/resourceGroups/rg-dev-app01/providers/Microsoft.Compute/virtualMachines/vm-dev-004,vm-dev-004,microsoft.compute/virtualmachines,eastus,rg-dev-app01,22222222-2222-2222-2222-222222222222,Contoso-NonProduction,,{},"{""environment"": ""dev"", ""owner"": ""app-team"", ""costCenter"": ""CC300""}",[],"{""hardwareProfile"": {""vmSize"": ""Standard_D2s_v5""}, ""storageProfile"": {""osDisk"": {""osType"": ""Linux"", ""managedDisk"": {""id"": ""x""}}}, ""extended"": {""instanceView"": {""powerState"": {""code"": ""PowerState/running""}}}, ""availabilitySet"": null}"
/subscriptions/22222222-2222-2222-2222-222222222222/resourceGroups/rg-dev-app01/providers/Microsoft.Compute/disks/vm-dev-004_OsDisk,vm-dev-004_OsDisk,microsoft.compute/disks,eastus,rg-dev-app01,22222222-2222-2222-2222-222222222222,Contoso-NonProduction,,"{""name"": ""Premium_LRS""}","{""environment"": ""dev"", ""owner"": ""platform"", ""costCenter"": ""CC300""}",[],"{""diskState"": ""Attached"", ""diskSizeGB"": 128}"
/subscriptions/22222222-2222-2222-2222-222222222222/resourceGroups/rg-dev-app01/providers/Microsoft.Network/networkInterfaces/nic-dev-004,nic-dev-004,microsoft.network/networkinterfaces,eastus,rg-dev-app01,22222222-2222-2222-2222-222222222222,Contoso-NonProduction,,{},{},[],"{""virtualMachine"": {""id"": ""x""}}"
/subscriptions/22222222-2222-2222-2222-222222222222/resourceGroups/rg-dev-app02/providers/Microsoft.Compute/virtualMachines/vm-dev-005,vm-dev-005,microsoft.compute/virtualmachines,uksouth,rg-dev-app02,22222222-2222-2222-2222-222222222222,Contoso-NonProduction,,{},"{""environment"": ""dev"", ""owner"": ""platform"", ""costCenter"": ""CC100""}",[],"{""hardwareProfile"": {""vmSize"": ""Standard_D2s_v5""}, ""storageProfile"": {""osDisk"": {""osType"": ""Linux"", ""managedDisk"": {""id"": ""x""}}}, ""extended"": {""instanceView"": {""powerState"": {""code"": ""PowerState/running""}}}, ""availabilitySet"": null}"
/subscriptions/22222222-2222-2222-2222-222222222222/resourceGroups/rg-dev-app02/providers/Microsoft.Compute/disks/vm-dev-005_OsDisk,vm-dev-005_OsDisk,microsoft.compute/disks,uksouth,rg-dev-app02,22222222-2222-2222-2222-222222222222,Contoso-NonProduction,,"{""name"": ""Premium_LRS""}","{""environment"": ""dev"", ""owner"": ""app-team"", ""costCenter"": ""CC100""}",[],"{""diskState"": ""Attached"", ""diskSizeGB"": 128}"
/subscriptions/22222222-2222-2222-2222-222222222222/resourceGroups/rg-dev-app02/providers/Microsoft.Network/networkInterfaces/nic-dev-005,nic-dev-005,microsoft.network/networkinterfaces,uksouth,rg-dev-app02,22222222-2222-2222-2222-222222222222,Contoso-NonProduction,,{},"{""owner"": ""platform"", ""costCenter"": ""CC200""}",[],"{""virtualMachine"": {""id"": ""x""}}"
/subscriptions/22222222-2222-2222-2222-222222222222/resourceGroups/rg-dev-app03/providers/Microsoft.Compute/virtualMachines/vm-dev-006,vm-dev-006,microsoft.compute/virtualmachines,uksouth,rg-dev-app03,22222222-2222-2222-2222-222222222222,Contoso-NonProduction,,{},{},[],"{""hardwareProfile"": {""vmSize"": ""Standard_A2_v2""}, ""storageProfile"": {""osDisk"": {""osType"": ""Linux"", ""managedDisk"": {""id"": ""x""}}}, ""extended"": {""instanceView"": {""powerState"": {""code"": ""PowerState/stopped""}}}, ""availabilitySet"": null}"
/subscriptions/22222222-2222-2222-2222-222222222222/resourceGroups/rg-dev-app03/providers/Microsoft.Compute/disks/vm-dev-006_OsDisk,vm-dev-006_OsDisk,microsoft.compute/disks,uksouth,rg-dev-app03,22222222-2222-2222-2222-222222222222,Contoso-NonProduction,,"{""name"": ""Premium_LRS""}","{""environment"": ""dev"", ""owner"": ""platform"", ""costCenter"": ""CC200""}",[],"{""diskState"": ""Attached"", ""diskSizeGB"": 128}"
/subscriptions/22222222-2222-2222-2222-222222222222/resourceGroups/rg-dev-app03/providers/Microsoft.Network/networkInterfaces/nic-dev-006,nic-dev-006,microsoft.network/networkinterfaces,uksouth,rg-dev-app03,22222222-2222-2222-2222-222222222222,Contoso-NonProduction,,{},"{""environment"": ""dev""}",[],"{""virtualMachine"": {""id"": ""x""}}"
/subscriptions/22222222-2222-2222-2222-222222222222/resourceGroups/rg-dev-app04/providers/Microsoft.Compute/virtualMachines/vm-dev-007,vm-dev-007,microsoft.compute/virtualmachines,eastus,rg-dev-app04,22222222-2222-2222-2222-222222222222,Contoso-NonProduction,,{},"{""environment"": ""dev"", ""owner"": ""platform"", ""costCenter"": ""CC300""}",[],"{""hardwareProfile"": {""vmSize"": ""Standard_D4s_v5""}, ""storageProfile"": {""osDisk"": {""osType"": ""Linux"", ""managedDisk"": {""id"": ""x""}}}, ""extended"": {""instanceView"": {""powerState"": {""code"": ""PowerState/running""}}}, ""availabilitySet"": null}"
/subscriptions/22222222-2222-2222-2222-222222222222/resourceGroups/rg-dev-app04/providers/Microsoft.Compute/disks/vm-dev-007_OsDisk,vm-dev-007_OsDisk,microsoft.compute/disks,eastus,rg-dev-app04,22222222-2222-2222-2222-222222222222,Contoso-NonProduction,,"{""name"": ""Premium_LRS""}","{""environment"": ""dev"", ""owner"": ""app-team"", ""costCenter"": ""CC300""}",[],"{""diskState"": ""Attached"", ""diskSizeGB"": 128}"
/subscriptions/22222222-2222-2222-2222-222222222222/resourceGroups/rg-dev-app04/providers/Microsoft.Network/networkInterfaces/nic-dev-007,nic-dev-007,microsoft.network/networkinterfaces,eastus,rg-dev-app04,22222222-2222-2222-2222-222222222222,Contoso-NonProduction,,{},"{""environment"": ""dev"", ""owner"": ""app-team"", ""costCenter"": ""CC200""}",[],"{""virtualMachine"": {""id"": ""x""}}"
/subscriptions/22222222-2222-2222-2222-222222222222/resourceGroups/rg-dev-app01/providers/Microsoft.Compute/virtualMachines/vm-dev-008,vm-dev-008,microsoft.compute/virtualmachines,eastus,rg-dev-app01,22222222-2222-2222-2222-222222222222,Contoso-NonProduction,,{},{},[],"{""hardwareProfile"": {""vmSize"": ""Standard_D4s_v5""}, ""storageProfile"": {""osDisk"": {""osType"": ""Linux"", ""managedDisk"": {""id"": ""x""}}}, ""extended"": {""instanceView"": {""powerState"": {""code"": ""PowerState/running""}}}, ""availabilitySet"": null}"
/subscriptions/22222222-2222-2222-2222-222222222222/resourceGroups/rg-dev-app01/providers/Microsoft.Compute/disks/vm-dev-008_OsDisk,vm-dev-008_OsDisk,microsoft.compute/disks,eastus,rg-dev-app01,22222222-2222-2222-2222-222222222222,Contoso-NonProduction,,"{""name"": ""Premium_LRS""}","{""environment"": ""dev"", ""owner"": ""app-team"", ""costCenter"": ""CC300""}",[],"{""diskState"": ""Attached"", ""diskSizeGB"": 128}"
/subscriptions/22222222-2222-2222-2222-222222222222/resourceGroups/rg-dev-app01/providers/Microsoft.Network/networkInterfaces/nic-dev-008,nic-dev-008,microsoft.network/networkinterfaces,eastus,rg-dev-app01,22222222-2222-2222-2222-222222222222,Contoso-NonProduction,,{},"{""environment"": ""dev"", ""owner"": ""data-team"", ""costCenter"": ""CC200""}",[],"{""virtualMachine"": {""id"": ""x""}}"
/subscriptions/22222222-2222-2222-2222-222222222222/resourceGroups/rg-dev-app02/providers/Microsoft.Compute/virtualMachines/vm-dev-009,vm-dev-009,microsoft.compute/virtualmachines,uksouth,rg-dev-app02,22222222-2222-2222-2222-222222222222,Contoso-NonProduction,,{},"{""environment"": ""dev"", ""owner"": ""data-team"", ""costCenter"": ""CC300""}",[],"{""hardwareProfile"": {""vmSize"": ""Standard_D2s_v5""}, ""storageProfile"": {""osDisk"": {""osType"": ""Linux"", ""managedDisk"": {""id"": ""x""}}}, ""extended"": {""instanceView"": {""powerState"": {""code"": ""PowerState/stopped""}}}, ""availabilitySet"": null}"
/subscriptions/22222222-2222-2222-2222-222222222222/resourceGroups/rg-dev-app02/providers/Microsoft.Compute/disks/vm-dev-009_OsDisk,vm-dev-009_OsDisk,microsoft.compute/disks,uksouth,rg-dev-app02,22222222-2222-2222-2222-222222222222,Contoso-NonProduction,,"{""name"": ""Premium_LRS""}","{""environment"": ""dev"", ""owner"": ""app-team"", ""costCenter"": ""CC300""}",[],"{""diskState"": ""Attached"", ""diskSizeGB"": 128}"
/subscriptions/22222222-2222-2222-2222-222222222222/resourceGroups/rg-dev-app02/providers/Microsoft.Network/networkInterfaces/nic-dev-009,nic-dev-009,microsoft.network/networkinterfaces,uksouth,rg-dev-app02,22222222-2222-2222-2222-222222222222,Contoso-NonProduction,,{},"{""environment"": ""dev"", ""owner"": ""data-team"", ""costCenter"": ""CC200""}",[],"{""virtualMachine"": {""id"": ""x""}}"
/subscriptions/22222222-2222-2222-2222-222222222222/resourceGroups/rg-dev-app01/providers/Microsoft.Compute/disks/disk-dev-orphan-0,disk-dev-orphan-0,microsoft.compute/disks,westeurope,rg-dev-app01,22222222-2222-2222-2222-222222222222,Contoso-NonProduction,,"{""name"": ""Premium_LRS""}","{""environment"": ""dev"", ""owner"": ""app-team""}",[],"{""diskState"": ""Unattached"", ""diskSizeGB"": 128}"
/subscriptions/22222222-2222-2222-2222-222222222222/resourceGroups/rg-dev-app01/providers/Microsoft.Compute/disks/disk-dev-orphan-1,disk-dev-orphan-1,microsoft.compute/disks,westeurope,rg-dev-app01,22222222-2222-2222-2222-222222222222,Contoso-NonProduction,,"{""name"": ""Premium_LRS""}","{""environment"": ""dev"", ""owner"": ""data-team"", ""costCenter"": ""CC300""}",[],"{""diskState"": ""Unattached"", ""diskSizeGB"": 64}"
/subscriptions/22222222-2222-2222-2222-222222222222/resourceGroups/rg-dev-app01/providers/Microsoft.Compute/disks/disk-dev-orphan-2,disk-dev-orphan-2,microsoft.compute/disks,centralindia,rg-dev-app01,22222222-2222-2222-2222-222222222222,Contoso-NonProduction,,"{""name"": ""StandardSSD_LRS""}","{""environment"": ""dev"", ""owner"": ""platform"", ""costCenter"": ""CC100""}",[],"{""diskState"": ""Unattached"", ""diskSizeGB"": 64}"
/subscriptions/22222222-2222-2222-2222-222222222222/resourceGroups/rg-dev-app01/providers/Microsoft.Compute/disks/disk-dev-orphan-3,disk-dev-orphan-3,microsoft.compute/disks,eastus,rg-dev-app01,22222222-2222-2222-2222-222222222222,Contoso-NonProduction,,"{""name"": ""Premium_LRS""}","{""environment"": ""dev"", ""owner"": ""data-team"", ""costCenter"": ""CC300""}",[],"{""diskState"": ""Unattached"", ""diskSizeGB"": 64}"
/subscriptions/22222222-2222-2222-2222-222222222222/resourceGroups/rg-dev-data/providers/Microsoft.Storage/storageAccounts/stdevdata00,stdevdata00,microsoft.storage/storageaccounts,westeurope,rg-dev-data,22222222-2222-2222-2222-222222222222,Contoso-NonProduction,StorageV2,"{""name"": ""Standard_GRS""}","{""environment"": ""dev"", ""owner"": ""data-team"", ""costCenter"": ""CC300""}",[],"{""supportsHttpsTrafficOnly"": true, ""allowBlobPublicAccess"": true, ""minimumTlsVersion"": ""TLS1_2"", ""publicNetworkAccess"": ""Enabled""}"
/subscriptions/22222222-2222-2222-2222-222222222222/resourceGroups/rg-dev-data/providers/Microsoft.Storage/storageAccounts/stdevdata01,stdevdata01,microsoft.storage/storageaccounts,eastus,rg-dev-data,22222222-2222-2222-2222-222222222222,Contoso-NonProduction,StorageV2,"{""name"": ""Standard_GRS""}","{""environment"": ""dev"", ""owner"": ""app-team"", ""costCenter"": ""CC300""}",[],"{""supportsHttpsTrafficOnly"": false, ""allowBlobPublicAccess"": true, ""minimumTlsVersion"": ""TLS1_2"", ""publicNetworkAccess"": ""Enabled""}"
/subscriptions/22222222-2222-2222-2222-222222222222/resourceGroups/rg-dev-data/providers/Microsoft.Storage/storageAccounts/stdevdata02,stdevdata02,microsoft.storage/storageaccounts,westeurope,rg-dev-data,22222222-2222-2222-2222-222222222222,Contoso-NonProduction,StorageV2,"{""name"": ""Standard_LRS""}",{},[],"{""supportsHttpsTrafficOnly"": true, ""allowBlobPublicAccess"": false, ""minimumTlsVersion"": ""TLS1_0"", ""publicNetworkAccess"": ""Enabled""}"
/subscriptions/22222222-2222-2222-2222-222222222222/resourceGroups/rg-dev-data/providers/Microsoft.Storage/storageAccounts/stdevdata03,stdevdata03,microsoft.storage/storageaccounts,westeurope,rg-dev-data,22222222-2222-2222-2222-222222222222,Contoso-NonProduction,StorageV2,"{""name"": ""Standard_ZRS""}","{""environment"": ""dev"", ""owner"": ""platform"", ""costCenter"": ""CC300""}",[],"{""supportsHttpsTrafficOnly"": false, ""allowBlobPublicAccess"": false, ""minimumTlsVersion"": ""TLS1_2"", ""publicNetworkAccess"": ""Enabled""}"
/subscriptions/22222222-2222-2222-2222-222222222222/resourceGroups/rg-dev-data/providers/Microsoft.Storage/storageAccounts/stdevdata04,stdevdata04,microsoft.storage/storageaccounts,westeurope,rg-dev-data,22222222-2222-2222-2222-222222222222,Contoso-NonProduction,StorageV2,"{""name"": ""Standard_GRS""}","{""environment"": ""dev"", ""owner"": ""app-team"", ""costCenter"": ""CC200""}",[],"{""supportsHttpsTrafficOnly"": true, ""allowBlobPublicAccess"": false, ""minimumTlsVersion"": ""TLS1_0"", ""publicNetworkAccess"": ""Enabled""}"
/subscriptions/22222222-2222-2222-2222-222222222222/resourceGroups/rg-dev-sec/providers/Microsoft.KeyVault/vaults/kv-dev-00,kv-dev-00,microsoft.keyvault/vaults,westeurope,rg-dev-sec,22222222-2222-2222-2222-222222222222,Contoso-NonProduction,,{},"{""environment"": ""dev"", ""owner"": ""platform"", ""costCenter"": ""CC100""}",[],"{""enableSoftDelete"": true, ""enablePurgeProtection"": false, ""publicNetworkAccess"": ""Enabled"", ""sku"": {""name"": ""standard""}}"
/subscriptions/22222222-2222-2222-2222-222222222222/resourceGroups/rg-dev-sec/providers/Microsoft.KeyVault/vaults/kv-dev-01,kv-dev-01,microsoft.keyvault/vaults,eastus,rg-dev-sec,22222222-2222-2222-2222-222222222222,Contoso-NonProduction,,{},"{""environment"": ""dev"", ""owner"": ""platform"", ""costCenter"": ""CC100""}",[],"{""enableSoftDelete"": true, ""enablePurgeProtection"": true, ""publicNetworkAccess"": ""Enabled"", ""sku"": {""name"": ""standard""}}"
/subscriptions/22222222-2222-2222-2222-222222222222/resourceGroups/rg-dev-data/providers/Microsoft.Sql/servers/sql-dev-01,sql-dev-01,microsoft.sql/servers,uksouth,rg-dev-data,22222222-2222-2222-2222-222222222222,Contoso-NonProduction,,{},"{""owner"": ""data-team""}",[],"{""publicNetworkAccess"": ""Enabled"", ""minimalTlsVersion"": ""1.2""}"
/subscriptions/22222222-2222-2222-2222-222222222222/resourceGroups/rg-dev-data/providers/Microsoft.Sql/servers/databases/sql-dev-01/db0,sql-dev-01/db0,microsoft.sql/servers/databases,westeurope,rg-dev-data,22222222-2222-2222-2222-222222222222,Contoso-NonProduction,,"{""name"": ""Basic""}","{""environment"": ""dev"", ""owner"": ""app-team"", ""costCenter"": ""CC300""}",[],"{""zoneRedundant"": false}"
/subscriptions/22222222-2222-2222-2222-222222222222/resourceGroups/rg-dev-data/providers/Microsoft.Sql/servers/databases/sql-dev-01/db1,sql-dev-01/db1,microsoft.sql/servers/databases,uksouth,rg-dev-data,22222222-2222-2222-2222-222222222222,Contoso-NonProduction,,"{""name"": ""S1""}","{""environment"": ""dev"", ""owner"": ""app-team"", ""costCenter"": ""CC100""}",[],"{""zoneRedundant"": false}"
/subscriptions/22222222-2222-2222-2222-222222222222/resourceGroups/rg-dev-data/providers/Microsoft.Sql/servers/databases/sql-dev-01/db2,sql-dev-01/db2,microsoft.sql/servers/databases,westeurope,rg-dev-data,22222222-2222-2222-2222-222222222222,Contoso-NonProduction,,"{""name"": ""S1""}","{""environment"": ""dev"", ""owner"": ""data-team"", ""costCenter"": ""CC100""}",[],"{""zoneRedundant"": false}"
/subscriptions/22222222-2222-2222-2222-222222222222/resourceGroups/rg-dev-web/providers/Microsoft.Web/serverFarms/asp-dev-00,asp-dev-00,microsoft.web/serverfarms,eastus,rg-dev-web,22222222-2222-2222-2222-222222222222,Contoso-NonProduction,,"{""name"": ""S1""}","{""costCenter"": ""CC100""}",[],"{""numberOfSites"": 0}"
/subscriptions/22222222-2222-2222-2222-222222222222/resourceGroups/rg-dev-web/providers/Microsoft.Web/serverFarms/asp-dev-01,asp-dev-01,microsoft.web/serverfarms,eastus,rg-dev-web,22222222-2222-2222-2222-222222222222,Contoso-NonProduction,,"{""name"": ""B1""}","{""costCenter"": ""CC200""}",[],"{""numberOfSites"": 0}"
/subscriptions/22222222-2222-2222-2222-222222222222/resourceGroups/rg-dev-web/providers/Microsoft.Web/sites/app-dev-00,app-dev-00,microsoft.web/sites,westeurope,rg-dev-web,22222222-2222-2222-2222-222222222222,Contoso-NonProduction,app,{},"{""environment"": ""dev"", ""owner"": ""platform"", ""costCenter"": ""CC200""}",[],"{""httpsOnly"": true, ""siteConfig"": {""minTlsVersion"": ""1.2""}}"
/subscriptions/22222222-2222-2222-2222-222222222222/resourceGroups/rg-dev-web/providers/Microsoft.Web/sites/app-dev-01,app-dev-01,microsoft.web/sites,eastus,rg-dev-web,22222222-2222-2222-2222-222222222222,Contoso-NonProduction,app,{},"{""environment"": ""dev"", ""owner"": ""data-team"", ""costCenter"": ""CC200""}",[],"{""httpsOnly"": false, ""siteConfig"": {""minTlsVersion"": ""1.2""}}"
/subscriptions/22222222-2222-2222-2222-222222222222/resourceGroups/rg-dev-web/providers/Microsoft.Web/sites/app-dev-02,app-dev-02,microsoft.web/sites,eastus,rg-dev-web,22222222-2222-2222-2222-222222222222,Contoso-NonProduction,app,{},"{""environment"": ""dev"", ""owner"": ""platform"", ""costCenter"": ""CC200""}",[],"{""httpsOnly"": false, ""siteConfig"": {""minTlsVersion"": ""1.2""}}"
/subscriptions/22222222-2222-2222-2222-222222222222/resourceGroups/rg-dev-web/providers/Microsoft.Web/sites/app-dev-03,app-dev-03,microsoft.web/sites,uksouth,rg-dev-web,22222222-2222-2222-2222-222222222222,Contoso-NonProduction,app,{},"{""environment"": ""dev"", ""owner"": ""platform"", ""costCenter"": ""CC100""}",[],"{""httpsOnly"": true, ""siteConfig"": {""minTlsVersion"": ""1.2""}}"
/subscriptions/22222222-2222-2222-2222-222222222222/resourceGroups/rg-dev-mon/providers/Microsoft.OperationalInsights/workspaces/log-dev-01,log-dev-01,microsoft.operationalinsights/workspaces,uksouth,rg-dev-mon,22222222-2222-2222-2222-222222222222,Contoso-NonProduction,,{},"{""environment"": ""dev"", ""owner"": ""platform"", ""costCenter"": ""CC300""}",[],"{""retentionInDays"": 30}"
/subscriptions/33333333-3333-3333-3333-333333333333/resourceGroups/rg-hub-eastus/providers/Microsoft.Network/virtualNetworks/vnet-hub-eastus,vnet-hub-eastus,microsoft.network/virtualnetworks,eastus,rg-hub-eastus,33333333-3333-3333-3333-333333333333,Contoso-Connectivity,,{},"{""environment"": ""shared"", ""owner"": ""app-team"", ""costCenter"": ""CC100""}",[],{}
/subscriptions/33333333-3333-3333-3333-333333333333/resourceGroups/rg-hub-eastus/providers/Microsoft.Network/azureFirewalls/afw-hub-eastus,afw-hub-eastus,microsoft.network/azurefirewalls,eastus,rg-hub-eastus,33333333-3333-3333-3333-333333333333,Contoso-Connectivity,,{},"{""environment"": ""shared"", ""owner"": ""data-team"", ""costCenter"": ""CC200""}","[""1"", ""2"", ""3""]",{}
/subscriptions/33333333-3333-3333-3333-333333333333/resourceGroups/rg-hub-eastus/providers/Microsoft.Network/networkSecurityGroups/nsg-mgmt-eastus,nsg-mgmt-eastus,microsoft.network/networksecuritygroups,eastus,rg-hub-eastus,33333333-3333-3333-3333-333333333333,Contoso-Connectivity,,{},"{""environment"": ""shared"", ""owner"": ""platform"", ""costCenter"": ""CC300""}",[],"{""securityRules"": [{""name"": ""allow-rdp"", ""properties"": {""direction"": ""Inbound"", ""access"": ""Allow"", ""sourceAddressPrefix"": ""*"", ""destinationPortRange"": ""3389""}}, {""name"": ""allow-https"", ""properties"": {""direction"": ""Inbound"", ""access"": ""Allow"", ""sourceAddressPrefix"": ""Internet"", ""destinationPortRange"": ""443""}}]}"
/subscriptions/33333333-3333-3333-3333-333333333333/resourceGroups/rg-hub-eastus/providers/Microsoft.Network/networkSecurityGroups/nsg-app-eastus,nsg-app-eastus,microsoft.network/networksecuritygroups,eastus,rg-hub-eastus,33333333-3333-3333-3333-333333333333,Contoso-Connectivity,,{},"{""environment"": ""shared"", ""owner"": ""data-team"", ""costCenter"": ""CC200""}",[],"{""securityRules"": [{""name"": ""allow-lb"", ""properties"": {""direction"": ""Inbound"", ""access"": ""Allow"", ""sourceAddressPrefix"": ""AzureLoadBalancer"", ""destinationPortRange"": ""*""}}]}"
/subscriptions/33333333-3333-3333-3333-333333333333/resourceGroups/rg-hub-eastus/providers/Microsoft.Network/publicIPAddresses/pip-eastus-0,pip-eastus-0,microsoft.network/publicipaddresses,eastus,rg-hub-eastus,33333333-3333-3333-3333-333333333333,Contoso-Connectivity,,"{""name"": ""Standard""}",{},[],"{""ipConfiguration"": null}"
/subscriptions/33333333-3333-3333-3333-333333333333/resourceGroups/rg-hub-eastus/providers/Microsoft.Network/publicIPAddresses/pip-eastus-1,pip-eastus-1,microsoft.network/publicipaddresses,eastus,rg-hub-eastus,33333333-3333-3333-3333-333333333333,Contoso-Connectivity,,"{""name"": ""Standard""}","{""environment"": ""shared""}",[],"{""ipConfiguration"": {""id"": ""x""}}"
/subscriptions/33333333-3333-3333-3333-333333333333/resourceGroups/rg-hub-eastus/providers/Microsoft.Network/publicIPAddresses/pip-eastus-2,pip-eastus-2,microsoft.network/publicipaddresses,eastus,rg-hub-eastus,33333333-3333-3333-3333-333333333333,Contoso-Connectivity,,"{""name"": ""Standard""}","{""costCenter"": ""CC100""}",[],"{""ipConfiguration"": {""id"": ""x""}}"
/subscriptions/33333333-3333-3333-3333-333333333333/resourceGroups/rg-hub-westeurope/providers/Microsoft.Network/virtualNetworks/vnet-hub-westeurope,vnet-hub-westeurope,microsoft.network/virtualnetworks,westeurope,rg-hub-westeurope,33333333-3333-3333-3333-333333333333,Contoso-Connectivity,,{},"{""environment"": ""shared"", ""owner"": ""platform"", ""costCenter"": ""CC300""}",[],{}
/subscriptions/33333333-3333-3333-3333-333333333333/resourceGroups/rg-hub-westeurope/providers/Microsoft.Network/azureFirewalls/afw-hub-westeurope,afw-hub-westeurope,microsoft.network/azurefirewalls,westeurope,rg-hub-westeurope,33333333-3333-3333-3333-333333333333,Contoso-Connectivity,,{},"{""environment"": ""shared"", ""owner"": ""app-team"", ""costCenter"": ""CC200""}","[""1"", ""2"", ""3""]",{}
/subscriptions/33333333-3333-3333-3333-333333333333/resourceGroups/rg-hub-westeurope/providers/Microsoft.Network/networkSecurityGroups/nsg-mgmt-westeurope,nsg-mgmt-westeurope,microsoft.network/networksecuritygroups,westeurope,rg-hub-westeurope,33333333-3333-3333-3333-333333333333,Contoso-Connectivity,,{},"{""environment"": ""shared"", ""owner"": ""platform"", ""costCenter"": ""CC200""}",[],"{""securityRules"": [{""name"": ""allow-rdp"", ""properties"": {""direction"": ""Inbound"", ""access"": ""Allow"", ""sourceAddressPrefix"": ""*"", ""destinationPortRange"": ""3389""}}, {""name"": ""allow-https"", ""properties"": {""direction"": ""Inbound"", ""access"": ""Allow"", ""sourceAddressPrefix"": ""Internet"", ""destinationPortRange"": ""443""}}]}"
/subscriptions/33333333-3333-3333-3333-333333333333/resourceGroups/rg-hub-westeurope/providers/Microsoft.Network/networkSecurityGroups/nsg-app-westeurope,nsg-app-westeurope,microsoft.network/networksecuritygroups,westeurope,rg-hub-westeurope,33333333-3333-3333-3333-333333333333,Contoso-Connectivity,,{},{},[],"{""securityRules"": [{""name"": ""allow-lb"", ""properties"": {""direction"": ""Inbound"", ""access"": ""Allow"", ""sourceAddressPrefix"": ""AzureLoadBalancer"", ""destinationPortRange"": ""*""}}]}"
/subscriptions/33333333-3333-3333-3333-333333333333/resourceGroups/rg-hub-westeurope/providers/Microsoft.Network/publicIPAddresses/pip-westeurope-0,pip-westeurope-0,microsoft.network/publicipaddresses,westeurope,rg-hub-westeurope,33333333-3333-3333-3333-333333333333,Contoso-Connectivity,,"{""name"": ""Standard""}","{""environment"": ""shared"", ""owner"": ""platform"", ""costCenter"": ""CC200""}",[],"{""ipConfiguration"": null}"
/subscriptions/33333333-3333-3333-3333-333333333333/resourceGroups/rg-hub-westeurope/providers/Microsoft.Network/publicIPAddresses/pip-westeurope-1,pip-westeurope-1,microsoft.network/publicipaddresses,westeurope,rg-hub-westeurope,33333333-3333-3333-3333-333333333333,Contoso-Connectivity,,"{""name"": ""Standard""}","{""environment"": ""shared"", ""owner"": ""app-team"", ""costCenter"": ""CC100""}",[],"{""ipConfiguration"": {""id"": ""x""}}"
/subscriptions/33333333-3333-3333-3333-333333333333/resourceGroups/rg-hub-westeurope/providers/Microsoft.Network/publicIPAddresses/pip-westeurope-2,pip-westeurope-2,microsoft.network/publicipaddresses,westeurope,rg-hub-westeurope,33333333-3333-3333-3333-333333333333,Contoso-Connectivity,,"{""name"": ""Standard""}","{""environment"": ""shared"", ""owner"": ""platform"", ""costCenter"": ""CC200""}",[],"{""ipConfiguration"": {""id"": ""x""}}"
/subscriptions/33333333-3333-3333-3333-333333333333/resourceGroups/rg-legacy/providers/Microsoft.ClassicCompute/domainNames/legacy-cloudservice,legacy-cloudservice,microsoft.classiccompute/domainnames,eastus,rg-legacy,33333333-3333-3333-3333-333333333333,Contoso-Connectivity,,{},"{""environment"": ""shared"", ""owner"": ""data-team"", ""costCenter"": ""CC100""}",[],{}
